ts_ns,ts_iso,raw_json
1592677000,2025-10-04T12:35:21.759,"{""time"": 0.0, ""distance"": 0.0, ""spm"": 0, ""power"": 0, ""pace"": 0, ""calhr"": 0, ""calories"": 0, ""heartrate"": 0, ""forceplot"": [], ""strokestate"": ""Wait for min speed"", ""status"": ""Ready"", ""userid"": ""00000"", ""type"": 1, ""state"": 0, ""inttype"": 255, ""intcount"": 0}"
1866684791,2025-10-04T12:35:22.033,"{""time"": 0.0, ""distance"": 0.0, ""spm"": 0, ""power"": 0, ""pace"": 0, ""calhr"": 0, ""calories"": 0, ""heartrate"": 0, ""forceplot"": [], ""strokestate"": ""Wait for min speed"", ""status"": ""Ready"", ""userid"": ""00000"", ""type"": 1, ""state"": 0, ""inttype"": 255, ""intcount"": 0}"
2138689166,2025-10-04T12:35:22.305,"{""time"": 0.0, ""distance"": 0.0, ""spm"": 0, ""power"": 0, ""pace"": 0, ""calhr"": 0, ""calories"": 0, ""heartrate"": 0, ""forceplot"": [], ""strokestate"": ""Wait for min speed"", ""status"": ""Ready"", ""userid"": ""00000"", ""type"": 1, ""state"": 0, ""inttype"": 255, ""intcount"": 0}"
2404733416,2025-10-04T12:35:22.571,"{""time"": 0.0, ""distance"": 0.0, ""spm"": 0, ""power"": 0, ""pace"": 0, ""calhr"": 0, ""calories"": 0, ""heartrate"": 0, ""forceplot"": [], ""strokestate"": ""Wait for min speed"", ""status"": ""Ready"", ""userid"": ""00000"", ""type"": 1, ""state"": 0, ""inttype"": 255, ""intcount"": 0}"
2670666625,2025-10-04T12:35:22.837,"{""time"": 0.0, ""distance"": 0.0, ""spm"": 0, ""power"": 0, ""pace"": 0, ""calhr"": 0, ""calories"": 0, ""heartrate"": 0, ""forceplot"": [], ""strokestate"": ""Wait for min speed"", ""status"": ""Ready"", ""userid"": ""00000"", ""type"": 1, ""state"": 0, ""inttype"": 255, ""intcount"": 0}"
2942662791,2025-10-04T12:35:23.109,"{""time"": 0.0, ""distance"": 0.0, ""spm"": 0, ""power"": 0, ""pace"": 0, ""calhr"": 0, ""calories"": 0, ""heartrate"": 0, ""forceplot"": [], ""strokestate"": ""Wait for min speed"", ""status"": ""Ready"", ""userid"": ""00000"", ""type"": 1, ""state"": 0, ""inttype"": 255, ""intcount"": 0}"
3208747958,2025-10-04T12:35:23.375,"{""time"": 0.0, ""distance"": 0.0, ""spm"": 0, ""power"": 0, ""pace"": 0, ""calhr"": 0, ""calories"": 0, ""heartrate"": 0, ""forceplot"": [], ""strokestate"": ""Wait for min speed"", ""status"": ""Ready"", ""userid"": ""00000"", ""type"": 1, ""state"": 0, ""inttype"": 255, ""intcount"": 0}"
3482749875,2025-10-04T12:35:23.649,"{""time"": 0.0, ""distance"": 0.0, ""spm"": 0, ""power"": 0, ""pace"": 0, ""calhr"": 0, ""calories"": 0, ""heartrate"": 0, ""forceplot"": [], ""strokestate"": ""Wait for min speed"", ""status"": ""Ready"", ""userid"": ""00000"", ""type"": 1, ""state"": 0, ""inttype"": 255, ""intcount"": 0}"
3748664041,2025-10-04T12:35:23.915,"{""time"": 0.0, ""distance"": 0.0, ""spm"": 0, ""power"": 0, ""pace"": 0, ""calhr"": 0, ""calories"": 0, ""heartrate"": 0, ""forceplot"": [], ""strokestate"": ""Wait for min speed"", ""status"": ""Ready"", ""userid"": ""00000"", ""type"": 1, ""state"": 0, ""inttype"": 255, ""intcount"": 0}"
4014746583,2025-10-04T12:35:24.181,"{""time"": 0.0, ""distance"": 0.0, ""spm"": 0, ""power"": 0, ""pace"": 0, ""calhr"": 0, ""calories"": 0, ""heartrate"": 0, ""forceplot"": [], ""strokestate"": ""Wait for min speed"", ""status"": ""Ready"", ""userid"": ""00000"", ""type"": 1, ""state"": 0, ""inttype"": 255, ""intcount"": 0}"
4286756500,2025-10-04T12:35:24.453,"{""time"": 0.0, ""distance"": 0.0, ""spm"": 0, ""power"": 0, ""pace"": 0, ""calhr"": 0, ""calories"": 0, ""heartrate"": 0, ""forceplot"": [], ""strokestate"": ""Wait for min speed"", ""status"": ""Ready"", ""userid"": ""00000"", ""type"": 1, ""state"": 0, ""inttype"": 255, ""intcount"": 0}"
4552633208,2025-10-04T12:35:24.719,"{""time"": 0.0, ""distance"": 0.0, ""spm"": 0, ""power"": 0, ""pace"": 0, ""calhr"": 0, ""calories"": 0, ""heartrate"": 0, ""forceplot"": [], ""strokestate"": ""Wait for min speed"", ""status"": ""Ready"", ""userid"": ""00000"", ""type"": 1, ""state"": 0, ""inttype"": 255, ""intcount"": 0}"
4818731250,2025-10-04T12:35:24.985,"{""time"": 0.0, ""distance"": 0.0, ""spm"": 0, ""power"": 0, ""pace"": 0, ""calhr"": 0, ""calories"": 0, ""heartrate"": 0, ""forceplot"": [], ""strokestate"": ""Wait for min speed"", ""status"": ""Ready"", ""userid"": ""00000"", ""type"": 1, ""state"": 0, ""inttype"": 255, ""intcount"": 0}"
5092720250,2025-10-04T12:35:25.259,"{""time"": 0.0, ""distance"": 0.0, ""spm"": 0, ""power"": 0, ""pace"": 0, ""calhr"": 0, ""calories"": 0, ""heartrate"": 0, ""forceplot"": [], ""strokestate"": ""Wait for min speed"", ""status"": ""Ready"", ""userid"": ""00000"", ""type"": 1, ""state"": 0, ""inttype"": 255, ""intcount"": 0}"
5366667166,2025-10-04T12:35:25.533,"{""time"": 0.0, ""distance"": 0.0, ""spm"": 0, ""power"": 0, ""pace"": 0, ""calhr"": 0, ""calories"": 0, ""heartrate"": 0, ""forceplot"": [], ""strokestate"": ""Wait for min speed"", ""status"": ""Ready"", ""userid"": ""00000"", ""type"": 1, ""state"": 0, ""inttype"": 255, ""intcount"": 0}"
5638693333,2025-10-04T12:35:25.805,"{""time"": 0.0, ""distance"": 0.0, ""spm"": 0, ""power"": 0, ""pace"": 0, ""calhr"": 0, ""calories"": 0, ""heartrate"": 0, ""forceplot"": [], ""strokestate"": ""Wait for min speed"", ""status"": ""Ready"", ""userid"": ""00000"", ""type"": 1, ""state"": 0, ""inttype"": 255, ""intcount"": 0}"
5912651291,2025-10-04T12:35:26.079,"{""time"": 0.0, ""distance"": 0.0, ""spm"": 0, ""power"": 0, ""pace"": 0, ""calhr"": 0, ""calories"": 0, ""heartrate"": 0, ""forceplot"": [], ""strokestate"": ""Wait for min speed"", ""status"": ""Ready"", ""userid"": ""00000"", ""type"": 1, ""state"": 0, ""inttype"": 255, ""intcount"": 0}"
6184680958,2025-10-04T12:35:26.351,"{""time"": 0.0, ""distance"": 0.0, ""spm"": 0, ""power"": 0, ""pace"": 0, ""calhr"": 0, ""calories"": 0, ""heartrate"": 0, ""forceplot"": [], ""strokestate"": ""Wait for min speed"", ""status"": ""Ready"", ""userid"": ""00000"", ""type"": 1, ""state"": 0, ""inttype"": 255, ""intcount"": 0}"
6458745208,2025-10-04T12:35:26.625,"{""time"": 0.0, ""distance"": 0.0, ""spm"": 0, ""power"": 0, ""pace"": 0, ""calhr"": 0, ""calories"": 0, ""heartrate"": 0, ""forceplot"": [], ""strokestate"": ""Wait for min speed"", ""status"": ""Ready"", ""userid"": ""00000"", ""type"": 1, ""state"": 0, ""inttype"": 255, ""intcount"": 0}"
6724672958,2025-10-04T12:35:26.891,"{""time"": 0.0, ""distance"": 0.0, ""spm"": 0, ""power"": 0, ""pace"": 0, ""calhr"": 0, ""calories"": 0, ""heartrate"": 0, ""forceplot"": [], ""strokestate"": ""Wait for min speed"", ""status"": ""Ready"", ""userid"": ""00000"", ""type"": 1, ""state"": 0, ""inttype"": 255, ""intcount"": 0}"
6990668708,2025-10-04T12:35:27.157,"{""time"": 0.0, ""distance"": 0.0, ""spm"": 0, ""power"": 0, ""pace"": 0, ""calhr"": 0, ""calories"": 0, ""heartrate"": 0, ""forceplot"": [], ""strokestate"": ""Wait for min speed"", ""status"": ""Ready"", ""userid"": ""00000"", ""type"": 1, ""state"": 0, ""inttype"": 255, ""intcount"": 0}"
7264759958,2025-10-04T12:35:27.431,"{""time"": 0.0, ""distance"": 0.0, ""spm"": 0, ""power"": 0, ""pace"": 0, ""calhr"": 0, ""calories"": 0, ""heartrate"": 0, ""forceplot"": [], ""strokestate"": ""Wait for min speed"", ""status"": ""Ready"", ""userid"": ""00000"", ""type"": 1, ""state"": 0, ""inttype"": 255, ""intcount"": 0}"
7528657625,2025-10-04T12:35:27.695,"{""time"": 0.0, ""distance"": 0.0, ""spm"": 0, ""power"": 0, ""pace"": 0, ""calhr"": 0, ""calories"": 0, ""heartrate"": 0, ""forceplot"": [], ""strokestate"": ""Wait for min speed"", ""status"": ""Ready"", ""userid"": ""00000"", ""type"": 1, ""state"": 0, ""inttype"": 255, ""intcount"": 0}"
7802663791,2025-10-04T12:35:27.969,"{""time"": 0.0, ""distance"": 0.0, ""spm"": 0, ""power"": 0, ""pace"": 0, ""calhr"": 0, ""calories"": 0, ""heartrate"": 0, ""forceplot"": [], ""strokestate"": ""Wait for min speed"", ""status"": ""Ready"", ""userid"": ""00000"", ""type"": 1, ""state"": 0, ""inttype"": 255, ""intcount"": 0}"
8076675375,2025-10-04T12:35:28.243,"{""time"": 0.0, ""distance"": 0.0, ""spm"": 0, ""power"": 0, ""pace"": 0, ""calhr"": 0, ""calories"": 0, ""heartrate"": 0, ""forceplot"": [], ""strokestate"": ""Wait for min speed"", ""status"": ""Ready"", ""userid"": ""00000"", ""type"": 1, ""state"": 0, ""inttype"": 255, ""intcount"": 0}"
8348755875,2025-10-04T12:35:28.515,"{""time"": 0.0, ""distance"": 0.0, ""spm"": 0, ""power"": 0, ""pace"": 0, ""calhr"": 0, ""calories"": 0, ""heartrate"": 0, ""forceplot"": [], ""strokestate"": ""Wait for min speed"", ""status"": ""Ready"", ""userid"": ""00000"", ""type"": 1, ""state"": 0, ""inttype"": 255, ""intcount"": 0}"
8614644791,2025-10-04T12:35:28.781,"{""time"": 0.0, ""distance"": 0.0, ""spm"": 0, ""power"": 0, ""pace"": 0, ""calhr"": 0, ""calories"": 0, ""heartrate"": 0, ""forceplot"": [], ""strokestate"": ""Wait for min speed"", ""status"": ""Ready"", ""userid"": ""00000"", ""type"": 1, ""state"": 0, ""inttype"": 255, ""intcount"": 0}"
8888659000,2025-10-04T12:35:29.055,"{""time"": 0.0, ""distance"": 0.0, ""spm"": 0, ""power"": 0, ""pace"": 0, ""calhr"": 0, ""calories"": 0, ""heartrate"": 0, ""forceplot"": [], ""strokestate"": ""Wait for min speed"", ""status"": ""Ready"", ""userid"": ""00000"", ""type"": 1, ""state"": 0, ""inttype"": 255, ""intcount"": 0}"
9162757083,2025-10-04T12:35:29.329,"{""time"": 0.0, ""distance"": 0.0, ""spm"": 0, ""power"": 0, ""pace"": 0, ""calhr"": 0, ""calories"": 0, ""heartrate"": 0, ""forceplot"": [], ""strokestate"": ""Wait for min speed"", ""status"": ""Ready"", ""userid"": ""00000"", ""type"": 1, ""state"": 0, ""inttype"": 255, ""intcount"": 0}"
9428679458,2025-10-04T12:35:29.595,"{""time"": 0.0, ""distance"": 0.0, ""spm"": 0, ""power"": 0, ""pace"": 0, ""calhr"": 0, ""calories"": 0, ""heartrate"": 0, ""forceplot"": [], ""strokestate"": ""Wait for min speed"", ""status"": ""Ready"", ""userid"": ""00000"", ""type"": 1, ""state"": 0, ""inttype"": 255, ""intcount"": 0}"
9700666916,2025-10-04T12:35:29.867,"{""time"": 0.0, ""distance"": 0.0, ""spm"": 0, ""power"": 0, ""pace"": 0, ""calhr"": 0, ""calories"": 0, ""heartrate"": 0, ""forceplot"": [], ""strokestate"": ""Wait for min speed"", ""status"": ""Ready"", ""userid"": ""00000"", ""type"": 1, ""state"": 0, ""inttype"": 255, ""intcount"": 0}"
9966723208,2025-10-04T12:35:30.133,"{""time"": 0.0, ""distance"": 0.0, ""spm"": 0, ""power"": 0, ""pace"": 0, ""calhr"": 0, ""calories"": 0, ""heartrate"": 0, ""forceplot"": [], ""strokestate"": ""Wait for min speed"", ""status"": ""Ready"", ""userid"": ""00000"", ""type"": 1, ""state"": 0, ""inttype"": 255, ""intcount"": 0}"
10240653250,2025-10-04T12:35:30.407,"{""time"": 0.0, ""distance"": 0.0, ""spm"": 0, ""power"": 0, ""pace"": 0, ""calhr"": 0, ""calories"": 0, ""heartrate"": 0, ""forceplot"": [], ""strokestate"": ""Wait for min speed"", ""status"": ""Ready"", ""userid"": ""00000"", ""type"": 1, ""state"": 0, ""inttype"": 255, ""intcount"": 0}"
10506654333,2025-10-04T12:35:30.673,"{""time"": 0.0, ""distance"": 0.0, ""spm"": 0, ""power"": 0, ""pace"": 0, ""calhr"": 0, ""calories"": 0, ""heartrate"": 0, ""forceplot"": [], ""strokestate"": ""Wait for min speed"", ""status"": ""Ready"", ""userid"": ""00000"", ""type"": 1, ""state"": 0, ""inttype"": 255, ""intcount"": 0}"
10772654708,2025-10-04T12:35:30.939,"{""time"": 0.0, ""distance"": 0.0, ""spm"": 0, ""power"": 0, ""pace"": 0, ""calhr"": 0, ""calories"": 0, ""heartrate"": 0, ""forceplot"": [], ""strokestate"": ""Wait for min speed"", ""status"": ""Ready"", ""userid"": ""00000"", ""type"": 1, ""state"": 0, ""inttype"": 255, ""intcount"": 0}"
11044659916,2025-10-04T12:35:31.211,"{""time"": 0.0, ""distance"": 0.0, ""spm"": 0, ""power"": 0, ""pace"": 0, ""calhr"": 0, ""calories"": 0, ""heartrate"": 0, ""forceplot"": [], ""strokestate"": ""Wait for min speed"", ""status"": ""Ready"", ""userid"": ""00000"", ""type"": 1, ""state"": 0, ""inttype"": 255, ""intcount"": 0}"
11318695666,2025-10-04T12:35:31.485,"{""time"": 0.0, ""distance"": 0.0, ""spm"": 0, ""power"": 0, ""pace"": 0, ""calhr"": 0, ""calories"": 0, ""heartrate"": 0, ""forceplot"": [], ""strokestate"": ""Wait for min speed"", ""status"": ""Ready"", ""userid"": ""00000"", ""type"": 1, ""state"": 0, ""inttype"": 255, ""intcount"": 0}"
11584646291,2025-10-04T12:35:31.751,"{""time"": 0.0, ""distance"": 0.0, ""spm"": 0, ""power"": 0, ""pace"": 0, ""calhr"": 0, ""calories"": 0, ""heartrate"": 0, ""forceplot"": [], ""strokestate"": ""Wait for min speed"", ""status"": ""Ready"", ""userid"": ""00000"", ""type"": 1, ""state"": 0, ""inttype"": 255, ""intcount"": 0}"
11848659791,2025-10-04T12:35:32.015,"{""time"": 0.0, ""distance"": 0.0, ""spm"": 0, ""power"": 0, ""pace"": 0, ""calhr"": 0, ""calories"": 0, ""heartrate"": 0, ""forceplot"": [], ""strokestate"": ""Wait for min speed"", ""status"": ""Ready"", ""userid"": ""00000"", ""type"": 1, ""state"": 0, ""inttype"": 255, ""intcount"": 0}"
12114661708,2025-10-04T12:35:32.281,"{""time"": 0.0, ""distance"": 0.0, ""spm"": 0, ""power"": 0, ""pace"": 0, ""calhr"": 0, ""calories"": 0, ""heartrate"": 0, ""forceplot"": [], ""strokestate"": ""Wait for min speed"", ""status"": ""Ready"", ""userid"": ""00000"", ""type"": 1, ""state"": 0, ""inttype"": 255, ""intcount"": 0}"
12388649791,2025-10-04T12:35:32.555,"{""time"": 0.0, ""distance"": 0.0, ""spm"": 0, ""power"": 0, ""pace"": 0, ""calhr"": 0, ""calories"": 0, ""heartrate"": 0, ""forceplot"": [], ""strokestate"": ""Wait for min speed"", ""status"": ""Ready"", ""userid"": ""00000"", ""type"": 1, ""state"": 0, ""inttype"": 255, ""intcount"": 0}"
12662675625,2025-10-04T12:35:32.829,"{""time"": 0.0, ""distance"": 0.0, ""spm"": 0, ""power"": 0, ""pace"": 0, ""calhr"": 0, ""calories"": 0, ""heartrate"": 0, ""forceplot"": [], ""strokestate"": ""Wait for min speed"", ""status"": ""Ready"", ""userid"": ""00000"", ""type"": 1, ""state"": 0, ""inttype"": 255, ""intcount"": 0}"
12928651958,2025-10-04T12:35:33.095,"{""time"": 0.0, ""distance"": 0.0, ""spm"": 0, ""power"": 0, ""pace"": 0, ""calhr"": 0, ""calories"": 0, ""heartrate"": 0, ""forceplot"": [], ""strokestate"": ""Wait for min speed"", ""status"": ""Ready"", ""userid"": ""00000"", ""type"": 1, ""state"": 0, ""inttype"": 255, ""intcount"": 0}"
13200646875,2025-10-04T12:35:33.367,"{""time"": 0.0, ""distance"": 0.0, ""spm"": 0, ""power"": 0, ""pace"": 0, ""calhr"": 0, ""calories"": 0, ""heartrate"": 0, ""forceplot"": [], ""strokestate"": ""Wait for min speed"", ""status"": ""Ready"", ""userid"": ""00000"", ""type"": 1, ""state"": 0, ""inttype"": 255, ""intcount"": 0}"
13466733791,2025-10-04T12:35:33.633,"{""time"": 0.0, ""distance"": 0.0, ""spm"": 0, ""power"": 0, ""pace"": 0, ""calhr"": 0, ""calories"": 0, ""heartrate"": 0, ""forceplot"": [], ""strokestate"": ""Wait for min speed"", ""status"": ""Ready"", ""userid"": ""00000"", ""type"": 1, ""state"": 0, ""inttype"": 255, ""intcount"": 0}"
13740714083,2025-10-04T12:35:33.907,"{""time"": 0.0, ""distance"": 0.0, ""spm"": 0, ""power"": 0, ""pace"": 0, ""calhr"": 0, ""calories"": 0, ""heartrate"": 0, ""forceplot"": [], ""strokestate"": ""Wait for acceleration"", ""status"": ""Ready"", ""userid"": ""00000"", ""type"": 1, ""state"": 0, ""inttype"": 255, ""intcount"": 0}"
14014643958,2025-10-04T12:35:34.181,"{""time"": 0.19, ""distance"": 0.4, ""spm"": 0, ""power"": 0, ""pace"": 0, ""calhr"": 0, ""calories"": 0, ""heartrate"": 0, ""forceplot"": [0, 0, 129, 129, 129, 132, 132, 137, 137, 138, 138, 142], ""strokestate"": ""Drive"", ""status"": ""Ready"", ""userid"": ""00000"", ""type"": 1, ""state"": 0, ""inttype"": 255, ""intcount"": 0}"
14278639291,2025-10-04T12:35:34.445,"{""time"": 0.47, ""distance"": 1.2, ""spm"": 0, ""power"": 0, ""pace"": 0, ""calhr"": 0, ""calories"": 0, ""heartrate"": 0, ""forceplot"": [142, 144, 144, 145, 145, 145, 145, 145, 148, 148, 143, 143, 141, 132, 132, 133], ""strokestate"": ""Drive"", ""status"": ""Ready"", ""userid"": ""00000"", ""type"": 1, ""state"": 0, ""inttype"": 255, ""intcount"": 0}"
14552719583,2025-10-04T12:35:34.719,"{""time"": 0.74, ""distance"": 2.2, ""spm"": 0, ""power"": 0, ""pace"": 0, ""calhr"": 0, ""calories"": 0, ""heartrate"": 0, ""forceplot"": [124, 124, 121, 111, 111, 108, 96, 96, 92, 81, 73, 73, 53, 34, 34, 14], ""strokestate"": ""Drive"", ""status"": ""Offline"", ""userid"": ""00000"", ""type"": 1, ""state"": 1, ""inttype"": 255, ""intcount"": 0}"
14826718625,2025-10-04T12:35:34.993,"{""time"": 1.0, ""distance"": 3.2, ""spm"": 0, ""power"": 80, ""pace"": 163.5533155094295, ""calhr"": 575.328, ""calories"": 0, ""heartrate"": 0, ""forceplot"": [0, 0, 0, 0, 0], ""strokestate"": ""Recovery"", ""status"": ""Offline"", ""userid"": ""00000"", ""type"": 1, ""state"": 1, ""inttype"": 255, ""intcount"": 0}"
15100663500,2025-10-04T12:35:35.267,"{""time"": 1.28, ""distance"": 4.2, ""spm"": 0, ""power"": 80, ""pace"": 163.5533155094295, ""calhr"": 575.328, ""calories"": 0, ""heartrate"": 0, ""forceplot"": [], ""strokestate"": ""Recovery"", ""status"": ""Offline"", ""userid"": ""00000"", ""type"": 1, ""state"": 1, ""inttype"": 255, ""intcount"": 0}"
15366718000,2025-10-04T12:35:35.533,"{""time"": 1.56, ""distance"": 5.2, ""spm"": 0, ""power"": 80, ""pace"": 163.5533155094295, ""calhr"": 575.328, ""calories"": 0, ""heartrate"": 0, ""forceplot"": [], ""strokestate"": ""Recovery"", ""status"": ""Offline"", ""userid"": ""00000"", ""type"": 1, ""state"": 1, ""inttype"": 255, ""intcount"": 0}"
15638644458,2025-10-04T12:35:35.805,"{""time"": 1.83, ""distance"": 6.1, ""spm"": 0, ""power"": 80, ""pace"": 163.5533155094295, ""calhr"": 575.328, ""calories"": 0, ""heartrate"": 0, ""forceplot"": [], ""strokestate"": ""Recovery"", ""status"": ""Offline"", ""userid"": ""00000"", ""type"": 1, ""state"": 1, ""inttype"": 255, ""intcount"": 0}"
15912667458,2025-10-04T12:35:36.079,"{""time"": 2.1, ""distance"": 7.0, ""spm"": 0, ""power"": 80, ""pace"": 163.5533155094295, ""calhr"": 575.328, ""calories"": 0, ""heartrate"": 0, ""forceplot"": [], ""strokestate"": ""Recovery"", ""status"": ""Offline"", ""userid"": ""00000"", ""type"": 1, ""state"": 1, ""inttype"": 255, ""intcount"": 0}"
16184639625,2025-10-04T12:35:36.351,"{""time"": 2.36, ""distance"": 7.9, ""spm"": 0, ""power"": 80, ""pace"": 163.5533155094295, ""calhr"": 575.328, ""calories"": 0, ""heartrate"": 0, ""forceplot"": [], ""strokestate"": ""Recovery"", ""status"": ""Offline"", ""userid"": ""00000"", ""type"": 1, ""state"": 1, ""inttype"": 255, ""intcount"": 0}"
16460703000,2025-10-04T12:35:36.627,"{""time"": 2.62, ""distance"": 8.7, ""spm"": 0, ""power"": 80, ""pace"": 163.5533155094295, ""calhr"": 575.328, ""calories"": 0, ""heartrate"": 0, ""forceplot"": [], ""strokestate"": ""Recovery"", ""status"": ""Offline"", ""userid"": ""00000"", ""type"": 1, ""state"": 1, ""inttype"": 255, ""intcount"": 0}"
16732661333,2025-10-04T12:35:36.899,"{""time"": 2.9, ""distance"": 9.6, ""spm"": 0, ""power"": 80, ""pace"": 163.5533155094295, ""calhr"": 575.328, ""calories"": 0, ""heartrate"": 0, ""forceplot"": [10, 10, 35, 66, 66, 85, 85, 97, 100, 100, 108, 107, 107, 115, 123, 123], ""strokestate"": ""Drive"", ""status"": ""Offline"", ""userid"": ""00000"", ""type"": 1, ""state"": 1, ""inttype"": 255, ""intcount"": 0}"
17006668208,2025-10-04T12:35:37.173,"{""time"": 3.18, ""distance"": 10.7, ""spm"": 0, ""power"": 80, ""pace"": 163.5533155094295, ""calhr"": 575.328, ""calories"": 0, ""heartrate"": 0, ""forceplot"": [127, 137, 139, 139, 142, 142, 142, 145, 153, 155, 159, 159, 161, 166, 162, 162], ""strokestate"": ""Drive"", ""status"": ""Offline"", ""userid"": ""00000"", ""type"": 1, ""state"": 1, ""inttype"": 255, ""intcount"": 0}"
17278653791,2025-10-04T12:35:37.445,"{""time"": 3.47, ""distance"": 12.0, ""spm"": 22, ""power"": 128, ""pace"": 139.8361177601746, ""calhr"": 740.5248, ""calories"": 0, ""heartrate"": 0, ""forceplot"": [154, 154, 152, 146, 139, 135, 131, 132, 122, 115, 102, 93, 93, 83, 76, 59], ""strokestate"": ""Dwelling"", ""status"": ""Offline"", ""userid"": ""00000"", ""type"": 1, ""state"": 1, ""inttype"": 255, ""intcount"": 0}"
17544658791,2025-10-04T12:35:37.711,"{""time"": 3.73, ""distance"": 13.1, ""spm"": 22, ""power"": 128, ""pace"": 139.8361177601746, ""calhr"": 740.5248, ""calories"": 0, ""heartrate"": 0, ""forceplot"": [44, 29, 16, 1], ""strokestate"": ""Recovery"", ""status"": ""Offline"", ""userid"": ""00000"", ""type"": 1, ""state"": 1, ""inttype"": 255, ""intcount"": 0}"
17818704958,2025-10-04T12:35:37.985,"{""time"": 4.0, ""distance"": 14.3, ""spm"": 22, ""power"": 128, ""pace"": 139.8361177601746, ""calhr"": 740.5248, ""calories"": 0, ""heartrate"": 0, ""forceplot"": [], ""strokestate"": ""Recovery"", ""status"": ""Offline"", ""userid"": ""00000"", ""type"": 1, ""state"": 1, ""inttype"": 255, ""intcount"": 0}"
18084633250,2025-10-04T12:35:38.251,"{""time"": 4.28, ""distance"": 15.4, ""spm"": 22, ""power"": 128, ""pace"": 139.8361177601746, ""calhr"": 740.5248, ""calories"": 0, ""heartrate"": 0, ""forceplot"": [], ""strokestate"": ""Recovery"", ""status"": ""Offline"", ""userid"": ""00000"", ""type"": 1, ""state"": 1, ""inttype"": 255, ""intcount"": 0}"
18348661125,2025-10-04T12:35:38.515,"{""time"": 4.53, ""distance"": 16.4, ""spm"": 22, ""power"": 128, ""pace"": 139.8361177601746, ""calhr"": 740.5248, ""calories"": 0, ""heartrate"": 0, ""forceplot"": [], ""strokestate"": ""Recovery"", ""status"": ""Offline"", ""userid"": ""00000"", ""type"": 1, ""state"": 1, ""inttype"": 255, ""intcount"": 0}"
18614741791,2025-10-04T12:35:38.781,"{""time"": 4.79, ""distance"": 17.4, ""spm"": 22, ""power"": 128, ""pace"": 139.8361177601746, ""calhr"": 740.5248, ""calories"": 0, ""heartrate"": 0, ""forceplot"": [], ""strokestate"": ""Recovery"", ""status"": ""Offline"", ""userid"": ""00000"", ""type"": 1, ""state"": 1, ""inttype"": 255, ""intcount"": 0}"
18888645458,2025-10-04T12:35:39.055,"{""time"": 5.06, ""distance"": 18.3, ""spm"": 22, ""power"": 128, ""pace"": 139.8361177601746, ""calhr"": 740.5248, ""calories"": 0, ""heartrate"": 0, ""forceplot"": [], ""strokestate"": ""Recovery"", ""status"": ""Offline"", ""userid"": ""00000"", ""type"": 1, ""state"": 1, ""inttype"": 255, ""intcount"": 0}"
19154727958,2025-10-04T12:35:39.321,"{""time"": 5.34, ""distance"": 19.3, ""spm"": 22, ""power"": 128, ""pace"": 139.8361177601746, ""calhr"": 740.5248, ""calories"": 0, ""heartrate"": 0, ""forceplot"": [], ""strokestate"": ""Recovery"", ""status"": ""Offline"", ""userid"": ""00000"", ""type"": 1, ""state"": 1, ""inttype"": 255, ""intcount"": 0}"
19428696791,2025-10-04T12:35:39.595,"{""time"": 5.62, ""distance"": 20.3, ""spm"": 22, ""power"": 128, ""pace"": 139.8361177601746, ""calhr"": 740.5248, ""calories"": 0, ""heartrate"": 0, ""forceplot"": [38, 38, 60, 82, 90, 90, 96, 98, 103, 103, 103, 100, 104], ""strokestate"": ""Drive"", ""status"": ""Offline"", ""userid"": ""00000"", ""type"": 1, ""state"": 1, ""inttype"": 255, ""intcount"": 0}"
19700655500,2025-10-04T12:35:39.867,"{""time"": 5.9, ""distance"": 21.4, ""spm"": 22, ""power"": 128, ""pace"": 139.8361177601746, ""calhr"": 740.5248, ""calories"": 0, ""heartrate"": 0, ""forceplot"": [104, 110, 116, 119, 123, 133, 133, 140, 143, 148, 144, 149, 144, 146, 146, 148], ""strokestate"": ""Drive"", ""status"": ""Offline"", ""userid"": ""00000"", ""type"": 1, ""state"": 1, ""inttype"": 255, ""intcount"": 0}"
19966725583,2025-10-04T12:35:40.133,"{""time"": 6.17, ""distance"": 22.7, ""spm"": 22, ""power"": 175, ""pace"": 125.99210498948732, ""calhr"": 902.2800000000001, ""calories"": 1, ""heartrate"": 0, ""forceplot"": [146, 145, 137, 131, 126, 124, 120, 114, 104, 98, 89, 76, 62, 46, 30, 17], ""strokestate"": ""Dwelling"", ""status"": ""Offline"", ""userid"": ""00000"", ""type"": 1, ""state"": 1, ""inttype"": 255, ""intcount"": 0}"
20232641625,2025-10-04T12:35:40.399,"{""time"": 6.42, ""distance"": 23.9, ""spm"": 22, ""power"": 175, ""pace"": 125.99210498948732, ""calhr"": 902.2800000000001, ""calories"": 1, ""heartrate"": 0, ""forceplot"": [3], ""strokestate"": ""Recovery"", ""status"": ""Offline"", ""userid"": ""00000"", ""type"": 1, ""state"": 1, ""inttype"": 255, ""intcount"": 0}"
20506635458,2025-10-04T12:35:40.673,"{""time"": 6.69, ""distance"": 25.1, ""spm"": 22, ""power"": 175, ""pace"": 125.99210498948732, ""calhr"": 902.2800000000001, ""calories"": 1, ""heartrate"": 0, ""forceplot"": [], ""strokestate"": ""Recovery"", ""status"": ""Offline"", ""userid"": ""00000"", ""type"": 1, ""state"": 1, ""inttype"": 255, ""intcount"": 0}"
20778657833,2025-10-04T12:35:40.945,"{""time"": 6.96, ""distance"": 26.2, ""spm"": 22, ""power"": 175, ""pace"": 125.99210498948732, ""calhr"": 902.2800000000001, ""calories"": 1, ""heartrate"": 0, ""forceplot"": [], ""strokestate"": ""Recovery"", ""status"": ""Offline"", ""userid"": ""00000"", ""type"": 1, ""state"": 1, ""inttype"": 255, ""intcount"": 0}"
21052718416,2025-10-04T12:35:41.219,"{""time"": 7.24, ""distance"": 27.3, ""spm"": 22, ""power"": 175, ""pace"": 125.99210498948732, ""calhr"": 902.2800000000001, ""calories"": 1, ""heartrate"": 0, ""forceplot"": [], ""strokestate"": ""Recovery"", ""status"": ""Offline"", ""userid"": ""00000"", ""type"": 1, ""state"": 1, ""inttype"": 255, ""intcount"": 0}"
21326648125,2025-10-04T12:35:41.493,"{""time"": 7.51, ""distance"": 28.4, ""spm"": 22, ""power"": 175, ""pace"": 125.99210498948732, ""calhr"": 902.2800000000001, ""calories"": 1, ""heartrate"": 0, ""forceplot"": [], ""strokestate"": ""Recovery"", ""status"": ""Offline"", ""userid"": ""00000"", ""type"": 1, ""state"": 1, ""inttype"": 255, ""intcount"": 0}"
21598658541,2025-10-04T12:35:41.765,"{""time"": 7.79, ""distance"": 29.5, ""spm"": 22, ""power"": 175, ""pace"": 125.99210498948732, ""calhr"": 902.2800000000001, ""calories"": 1, ""heartrate"": 0, ""forceplot"": [], ""strokestate"": ""Recovery"", ""status"": ""Offline"", ""userid"": ""00000"", ""type"": 1, ""state"": 1, ""inttype"": 255, ""intcount"": 0}"
21866705666,2025-10-04T12:35:42.033,"{""time"": 8.04, ""distance"": 30.4, ""spm"": 22, ""power"": 175, ""pace"": 125.99210498948732, ""calhr"": 902.2800000000001, ""calories"": 1, ""heartrate"": 0, ""forceplot"": [], ""strokestate"": ""Recovery"", ""status"": ""Offline"", ""userid"": ""00000"", ""type"": 1, ""state"": 1, ""inttype"": 255, ""intcount"": 0}"
22138629708,2025-10-04T12:35:42.305,"{""time"": 8.33, ""distance"": 31.4, ""spm"": 22, ""power"": 175, ""pace"": 125.99210498948732, ""calhr"": 902.2800000000001, ""calories"": 1, ""heartrate"": 0, ""forceplot"": [32, 32, 60, 76, 83, 83, 85, 88, 90, 87, 87, 87], ""strokestate"": ""Drive"", ""status"": ""Offline"", ""userid"": ""00000"", ""type"": 1, ""state"": 1, ""inttype"": 255, ""intcount"": 0}"
22412711083,2025-10-04T12:35:42.579,"{""time"": 8.61, ""distance"": 32.6, ""spm"": 22, ""power"": 175, ""pace"": 125.99210498948732, ""calhr"": 902.2800000000001, ""calories"": 1, ""heartrate"": 0, ""forceplot"": [90, 96, 101, 101, 102, 110, 116, 122, 126, 126, 127, 136, 135, 138, 133, 132], ""strokestate"": ""Drive"", ""status"": ""Offline"", ""userid"": ""00000"", ""type"": 1, ""state"": 1, ""inttype"": 255, ""intcount"": 0}"
22684635541,2025-10-04T12:35:42.851,"{""time"": 8.87, ""distance"": 33.8, ""spm"": 22, ""power"": 193, ""pace"": 121.94675412269214, ""calhr"": 964.2288000000001, ""calories"": 2, ""heartrate"": 0, ""forceplot"": [130, 127, 127, 125, 125, 122, 123, 115, 111, 103, 98, 94, 81, 71, 61, 49], ""strokestate"": ""Dwelling"", ""status"": ""Offline"", ""userid"": ""00000"", ""type"": 1, ""state"": 1, ""inttype"": 255, ""intcount"": 0}"
22950655375,2025-10-04T12:35:43.117,"{""time"": 9.13, ""distance"": 35.0, ""spm"": 22, ""power"": 193, ""pace"": 121.94675412269214, ""calhr"": 964.2288000000001, ""calories"": 2, ""heartrate"": 0, ""forceplot"": [33, 21, 10, 10], ""strokestate"": ""Recovery"", ""status"": ""Offline"", ""userid"": ""00000"", ""type"": 1, ""state"": 1, ""inttype"": 255, ""intcount"": 0}"
23224740208,2025-10-04T12:35:43.391,"{""time"": 9.41, ""distance"": 36.2, ""spm"": 22, ""power"": 193, ""pace"": 121.94675412269214, ""calhr"": 964.2288000000001, ""calories"": 2, ""heartrate"": 0, ""forceplot"": [], ""strokestate"": ""Recovery"", ""status"": ""Offline"", ""userid"": ""00000"", ""type"": 1, ""state"": 1, ""inttype"": 255, ""intcount"": 0}"
23498656208,2025-10-04T12:35:43.665,"{""time"": 9.68, ""distance"": 37.3, ""spm"": 22, ""power"": 193, ""pace"": 121.94675412269214, ""calhr"": 964.2288000000001, ""calories"": 2, ""heartrate"": 0, ""forceplot"": [], ""strokestate"": ""Recovery"", ""status"": ""Offline"", ""userid"": ""00000"", ""type"": 1, ""state"": 1, ""inttype"": 255, ""intcount"": 0}"
23772717791,2025-10-04T12:35:43.939,"{""time"": 9.96, ""distance"": 38.5, ""spm"": 22, ""power"": 193, ""pace"": 121.94675412269214, ""calhr"": 964.2288000000001, ""calories"": 2, ""heartrate"": 0, ""forceplot"": [], ""strokestate"": ""Recovery"", ""status"": ""Offline"", ""userid"": ""00000"", ""type"": 1, ""state"": 1, ""inttype"": 255, ""intcount"": 0}"
24036626458,2025-10-04T12:35:44.203,"{""time"": 10.23, ""distance"": 39.5, ""spm"": 22, ""power"": 193, ""pace"": 121.94675412269214, ""calhr"": 964.2288000000001, ""calories"": 2, ""heartrate"": 0, ""forceplot"": [], ""strokestate"": ""Recovery"", ""status"": ""Offline"", ""userid"": ""00000"", ""type"": 1, ""state"": 1, ""inttype"": 255, ""intcount"": 0}"
24310632208,2025-10-04T12:35:44.477,"{""time"": 10.49, ""distance"": 40.5, ""spm"": 22, ""power"": 193, ""pace"": 121.94675412269214, ""calhr"": 964.2288000000001, ""calories"": 2, ""heartrate"": 0, ""forceplot"": [], ""strokestate"": ""Recovery"", ""status"": ""Offline"", ""userid"": ""00000"", ""type"": 1, ""state"": 1, ""inttype"": 255, ""intcount"": 0}"
24584660625,2025-10-04T12:35:44.751,"{""time"": 10.76, ""distance"": 41.5, ""spm"": 22, ""power"": 193, ""pace"": 121.94675412269214, ""calhr"": 964.2288000000001, ""calories"": 2, ""heartrate"": 0, ""forceplot"": [], ""strokestate"": ""Recovery"", ""status"": ""Offline"", ""userid"": ""00000"", ""type"": 1, ""state"": 1, ""inttype"": 255, ""intcount"": 0}"
24856730666,2025-10-04T12:35:45.023,"{""time"": 11.04, ""distance"": 42.5, ""spm"": 22, ""power"": 193, ""pace"": 121.94675412269214, ""calhr"": 964.2288000000001, ""calories"": 2, ""heartrate"": 0, ""forceplot"": [23, 23, 49, 74, 91, 103, 103, 106, 104, 107, 107, 109, 116, 114, 119, 119], ""strokestate"": ""Drive"", ""status"": ""Offline"", ""userid"": ""00000"", ""type"": 1, ""state"": 1, ""inttype"": 255, ""intcount"": 0}"
25130700666,2025-10-04T12:35:45.297,"{""time"": 11.32, ""distance"": 43.7, ""spm"": 22, ""power"": 193, ""pace"": 121.94675412269214, ""calhr"": 964.2288000000001, ""calories"": 2, ""heartrate"": 0, ""forceplot"": [119, 130, 138, 145, 147, 147, 150, 152, 152, 153, 150, 151, 147, 146, 145, 141], ""strokestate"": ""Drive"", ""status"": ""Offline"", ""userid"": ""00000"", ""type"": 1, ""state"": 1, ""inttype"": 255, ""intcount"": 0}"
25404635750,2025-10-04T12:35:45.571,"{""time"": 11.59, ""distance"": 45.0, ""spm"": 23, ""power"": 197, ""pace"": 121.11574531655695, ""calhr"": 977.9952000000001, ""calories"": 2, ""heartrate"": 0, ""forceplot"": [137, 126, 125, 120, 117, 107, 101, 95, 82, 65, 45, 33, 22], ""strokestate"": ""Dwelling"", ""status"": ""Offline"", ""userid"": ""00000"", ""type"": 1, ""state"": 1, ""inttype"": 255, ""intcount"": 0}"
25678660791,2025-10-04T12:35:45.845,"{""time"": 11.86, ""distance"": 46.3, ""spm"": 23, ""power"": 197, ""pace"": 121.11574531655695, ""calhr"": 977.9952000000001, ""calories"": 2, ""heartrate"": 0, ""forceplot"": [8], ""strokestate"": ""Recovery"", ""status"": ""Offline"", ""userid"": ""00000"", ""type"": 1, ""state"": 1, ""inttype"": 255, ""intcount"": 0}"
25950615875,2025-10-04T12:35:46.117,"{""time"": 12.15, ""distance"": 47.6, ""spm"": 23, ""power"": 197, ""pace"": 121.11574531655695, ""calhr"": 977.9952000000001, ""calories"": 2, ""heartrate"": 0, ""forceplot"": [], ""strokestate"": ""Recovery"", ""status"": ""Offline"", ""userid"": ""00000"", ""type"": 1, ""state"": 1, ""inttype"": 255, ""intcount"": 0}"
26216680583,2025-10-04T12:35:46.383,"{""time"": 12.41, ""distance"": 48.7, ""spm"": 23, ""power"": 197, ""pace"": 121.11574531655695, ""calhr"": 977.9952000000001, ""calories"": 2, ""heartrate"": 0, ""forceplot"": [], ""strokestate"": ""Recovery"", ""status"": ""Offline"", ""userid"": ""00000"", ""type"": 1, ""state"": 1, ""inttype"": 255, ""intcount"": 0}"
26482656458,2025-10-04T12:35:46.649,"{""time"": 12.67, ""distance"": 49.8, ""spm"": 23, ""power"": 197, ""pace"": 121.11574531655695, ""calhr"": 977.9952000000001, ""calories"": 2, ""heartrate"": 0, ""forceplot"": [], ""strokestate"": ""Recovery"", ""status"": ""Offline"", ""userid"": ""00000"", ""type"": 1, ""state"": 1, ""inttype"": 255, ""intcount"": 0}"
26756636000,2025-10-04T12:35:46.923,"{""time"": 12.93, ""distance"": 50.8, ""spm"": 23, ""power"": 197, ""pace"": 121.11574531655695, ""calhr"": 977.9952000000001, ""calories"": 2, ""heartrate"": 0, ""forceplot"": [], ""strokestate"": ""Recovery"", ""status"": ""Offline"", ""userid"": ""00000"", ""type"": 1, ""state"": 1, ""inttype"": 255, ""intcount"": 0}"
27028645458,2025-10-04T12:35:47.195,"{""time"": 13.21, ""distance"": 51.9, ""spm"": 23, ""power"": 197, ""pace"": 121.11574531655695, ""calhr"": 977.9952000000001, ""calories"": 2, ""heartrate"": 0, ""forceplot"": [], ""strokestate"": ""Recovery"", ""status"": ""Offline"", ""userid"": ""00000"", ""type"": 1, ""state"": 1, ""inttype"": 255, ""intcount"": 0}"
27302635583,2025-10-04T12:35:47.469,"{""time"": 13.48, ""distance"": 52.9, ""spm"": 23, ""power"": 197, ""pace"": 121.11574531655695, ""calhr"": 977.9952000000001, ""calories"": 2, ""heartrate"": 0, ""forceplot"": [], ""strokestate"": ""Recovery"", ""status"": ""Offline"", ""userid"": ""00000"", ""type"": 1, ""state"": 1, ""inttype"": 255, ""intcount"": 0}"
27568655166,2025-10-04T12:35:47.735,"{""time"": 13.75, ""distance"": 53.9, ""spm"": 23, ""power"": 197, ""pace"": 121.11574531655695, ""calhr"": 977.9952000000001, ""calories"": 2, ""heartrate"": 0, ""forceplot"": [43, 77, 77, 99, 109, 112, 113, 113, 116, 116, 115, 114, 114, 118, 121, 129], ""strokestate"": ""Drive"", ""status"": ""Offline"", ""userid"": ""00000"", ""type"": 1, ""state"": 1, ""inttype"": 255, ""intcount"": 0}"
27842648291,2025-10-04T12:35:48.009,"{""time"": 14.03, ""distance"": 55.2, ""spm"": 23, ""power"": 197, ""pace"": 121.11574531655695, ""calhr"": 977.9952000000001, ""calories"": 2, ""heartrate"": 0, ""forceplot"": [129, 134, 137, 141, 145, 145, 142, 145, 143, 144, 141, 143, 144, 144, 140, 135], ""strokestate"": ""Drive"", ""status"": ""Offline"", ""userid"": ""00000"", ""type"": 1, ""state"": 1, ""inttype"": 255, ""intcount"": 0}"
28114632333,2025-10-04T12:35:48.281,"{""time"": 14.31, ""distance"": 56.6, ""spm"": 22, ""power"": 212, ""pace"": 118.1890915440647, ""calhr"": 1029.6192, ""calories"": 3, ""heartrate"": 0, ""forceplot"": [136, 119, 122, 110, 115, 103, 96, 89, 80, 66, 51, 35, 20], ""strokestate"": ""Dwelling"", ""status"": ""Offline"", ""userid"": ""00000"", ""type"": 1, ""state"": 1, ""inttype"": 255, ""intcount"": 0}"
28380671375,2025-10-04T12:35:48.547,"{""time"": 14.58, ""distance"": 57.9, ""spm"": 22, ""power"": 212, ""pace"": 118.1890915440647, ""calhr"": 1029.6192, ""calories"": 3, ""heartrate"": 0, ""forceplot"": [14], ""strokestate"": ""Recovery"", ""status"": ""Offline"", ""userid"": ""00000"", ""type"": 1, ""state"": 1, ""inttype"": 255, ""intcount"": 0}"
28646648708,2025-10-04T12:35:48.813,"{""time"": 14.83, ""distance"": 59.0, ""spm"": 22, ""power"": 212, ""pace"": 118.1890915440647, ""calhr"": 1029.6192, ""calories"": 3, ""heartrate"": 0, ""forceplot"": [], ""strokestate"": ""Recovery"", ""status"": ""Offline"", ""userid"": ""00000"", ""type"": 1, ""state"": 1, ""inttype"": 255, ""intcount"": 0}"
28920643458,2025-10-04T12:35:49.087,"{""time"": 15.11, ""distance"": 60.2, ""spm"": 22, ""power"": 212, ""pace"": 118.1890915440647, ""calhr"": 1029.6192, ""calories"": 3, ""heartrate"": 0, ""forceplot"": [], ""strokestate"": ""Recovery"", ""status"": ""Offline"", ""userid"": ""00000"", ""type"": 1, ""state"": 1, ""inttype"": 255, ""intcount"": 0}"
29192631125,2025-10-04T12:35:49.359,"{""time"": 15.38, ""distance"": 61.4, ""spm"": 22, ""power"": 212, ""pace"": 118.1890915440647, ""calhr"": 1029.6192, ""calories"": 3, ""heartrate"": 0, ""forceplot"": [], ""strokestate"": ""Recovery"", ""status"": ""Offline"", ""userid"": ""00000"", ""type"": 1, ""state"": 1, ""inttype"": 255, ""intcount"": 0}"
29466735500,2025-10-04T12:35:49.633,"{""time"": 15.66, ""distance"": 62.5, ""spm"": 22, ""power"": 212, ""pace"": 118.1890915440647, ""calhr"": 1029.6192, ""calories"": 3, ""heartrate"": 0, ""forceplot"": [], ""strokestate"": ""Recovery"", ""status"": ""Offline"", ""userid"": ""00000"", ""type"": 1, ""state"": 1, ""inttype"": 255, ""intcount"": 0}"
29732651458,2025-10-04T12:35:49.899,"{""time"": 15.91, ""distance"": 63.5, ""spm"": 22, ""power"": 212, ""pace"": 118.1890915440647, ""calhr"": 1029.6192, ""calories"": 3, ""heartrate"": 0, ""forceplot"": [], ""strokestate"": ""Recovery"", ""status"": ""Offline"", ""userid"": ""00000"", ""type"": 1, ""state"": 1, ""inttype"": 255, ""intcount"": 0}"
30006629958,2025-10-04T12:35:50.173,"{""time"": 16.2, ""distance"": 64.5, ""spm"": 22, ""power"": 212, ""pace"": 118.1890915440647, ""calhr"": 1029.6192, ""calories"": 3, ""heartrate"": 0, ""forceplot"": [46, 46], ""strokestate"": ""Recovery"", ""status"": ""Offline"", ""userid"": ""00000"", ""type"": 1, ""state"": 1, ""inttype"": 255, ""intcount"": 0}"
30272682708,2025-10-04T12:35:50.439,"{""time"": 16.46, ""distance"": 65.6, ""spm"": 22, ""power"": 212, ""pace"": 118.1890915440647, ""calhr"": 1029.6192, ""calories"": 3, ""heartrate"": 0, ""forceplot"": [77, 104, 112, 112, 111, 99, 95, 98, 107, 107, 110, 112, 111, 116, 115, 122], ""strokestate"": ""Drive"", ""status"": ""Offline"", ""userid"": ""00000"", ""type"": 1, ""state"": 1, ""inttype"": 255, ""intcount"": 0}"
30544695583,2025-10-04T12:35:50.711,"{""time"": 16.72, ""distance"": 66.8, ""spm"": 22, ""power"": 212, ""pace"": 118.1890915440647, ""calhr"": 1029.6192, ""calories"": 3, ""heartrate"": 0, ""forceplot"": [122, 124, 135, 139, 147, 153, 153, 155, 152, 153, 148, 147, 145, 143, 141, 138], ""strokestate"": ""Drive"", ""status"": ""Offline"", ""userid"": ""00000"", ""type"": 1, ""state"": 1, ""inttype"": 255, ""intcount"": 0}"
30818891458,2025-10-04T12:35:50.985,"{""time"": 17.01, ""distance"": 68.2, ""spm"": 22, ""power"": 222, ""pace"": 116.38714722736499, ""calhr"": 1064.0352, ""calories"": 4, ""heartrate"": 0, ""forceplot"": [129, 124, 112, 109, 102, 89, 79, 67, 46, 33, 16, 14], ""strokestate"": ""Recovery"", ""status"": ""Offline"", ""userid"": ""00000"", ""type"": 1, ""state"": 1, ""inttype"": 255, ""intcount"": 0}"
31084657666,2025-10-04T12:35:51.251,"{""time"": 17.27, ""distance"": 69.4, ""spm"": 22, ""power"": 222, ""pace"": 116.38714722736499, ""calhr"": 1064.0352, ""calories"": 4, ""heartrate"": 0, ""forceplot"": [], ""strokestate"": ""Recovery"", ""status"": ""Offline"", ""userid"": ""00000"", ""type"": 1, ""state"": 1, ""inttype"": 255, ""intcount"": 0}"
31356721583,2025-10-04T12:35:51.523,"{""time"": 17.55, ""distance"": 70.7, ""spm"": 22, ""power"": 222, ""pace"": 116.38714722736499, ""calhr"": 1064.0352, ""calories"": 4, ""heartrate"": 0, ""forceplot"": [], ""strokestate"": ""Recovery"", ""status"": ""Offline"", ""userid"": ""00000"", ""type"": 1, ""state"": 1, ""inttype"": 255, ""intcount"": 0}"
31622644916,2025-10-04T12:35:51.789,"{""time"": 17.81, ""distance"": 71.9, ""spm"": 22, ""power"": 222, ""pace"": 116.38714722736499, ""calhr"": 1064.0352, ""calories"": 4, ""heartrate"": 0, ""forceplot"": [], ""strokestate"": ""Recovery"", ""status"": ""Offline"", ""userid"": ""00000"", ""type"": 1, ""state"": 1, ""inttype"": 255, ""intcount"": 0}"
31888623583,2025-10-04T12:35:52.055,"{""time"": 18.08, ""distance"": 73.0, ""spm"": 22, ""power"": 222, ""pace"": 116.38714722736499, ""calhr"": 1064.0352, ""calories"": 4, ""heartrate"": 0, ""forceplot"": [], ""strokestate"": ""Recovery"", ""status"": ""Offline"", ""userid"": ""00000"", ""type"": 1, ""state"": 1, ""inttype"": 255, ""intcount"": 0}"
32162666125,2025-10-04T12:35:52.329,"{""time"": 18.35, ""distance"": 74.1, ""spm"": 22, ""power"": 222, ""pace"": 116.38714722736499, ""calhr"": 1064.0352, ""calories"": 4, ""heartrate"": 0, ""forceplot"": [], ""strokestate"": ""Recovery"", ""status"": ""Offline"", ""userid"": ""00000"", ""type"": 1, ""state"": 1, ""inttype"": 255, ""intcount"": 0}"
32434654875,2025-10-04T12:35:52.601,"{""time"": 18.62, ""distance"": 75.1, ""spm"": 22, ""power"": 222, ""pace"": 116.38714722736499, ""calhr"": 1064.0352, ""calories"": 4, ""heartrate"": 0, ""forceplot"": [], ""strokestate"": ""Recovery"", ""status"": ""Offline"", ""userid"": ""00000"", ""type"": 1, ""state"": 1, ""inttype"": 255, ""intcount"": 0}"
32700614708,2025-10-04T12:35:52.867,"{""time"": 18.88, ""distance"": 76.1, ""spm"": 22, ""power"": 222, ""pace"": 116.38714722736499, ""calhr"": 1064.0352, ""calories"": 4, ""heartrate"": 0, ""forceplot"": [], ""strokestate"": ""Recovery"", ""status"": ""Offline"", ""userid"": ""00000"", ""type"": 1, ""state"": 1, ""inttype"": 255, ""intcount"": 0}"
32966693041,2025-10-04T12:35:53.133,"{""time"": 19.17, ""distance"": 77.2, ""spm"": 22, ""power"": 222, ""pace"": 116.38714722736499, ""calhr"": 1064.0352, ""calories"": 4, ""heartrate"": 0, ""forceplot"": [44, 72, 72, 93, 107, 112, 106, 106, 104, 105, 111, 113, 115, 115, 118, 124], ""strokestate"": ""Drive"", ""status"": ""Offline"", ""userid"": ""00000"", ""type"": 1, ""state"": 1, ""inttype"": 255, ""intcount"": 0}"
33232611083,2025-10-04T12:35:53.399,"{""time"": 19.42, ""distance"": 78.4, ""spm"": 22, ""power"": 222, ""pace"": 116.38714722736499, ""calhr"": 1064.0352, ""calories"": 4, ""heartrate"": 0, ""forceplot"": [129, 138, 135, 147, 142, 155, 155, 153, 160, 162, 164, 162, 157, 147, 141, 137], ""strokestate"": ""Drive"", ""status"": ""Offline"", ""userid"": ""00000"", ""type"": 1, ""state"": 1, ""inttype"": 255, ""intcount"": 0}"
33498624500,2025-10-04T12:35:53.665,"{""time"": 19.69, ""distance"": 79.7, ""spm"": 22, ""power"": 222, ""pace"": 116.38714722736499, ""calhr"": 1064.0352, ""calories"": 5, ""heartrate"": 0, ""forceplot"": [128, 123, 119, 113, 110, 99, 92, 81, 66, 35, 25], ""strokestate"": ""Dwelling"", ""status"": ""Offline"", ""userid"": ""00000"", ""type"": 1, ""state"": 1, ""inttype"": 255, ""intcount"": 0}"
33764724416,2025-10-04T12:35:53.931,"{""time"": 19.95, ""distance"": 80.9, ""spm"": 22, ""power"": 222, ""pace"": 116.38714722736499, ""calhr"": 1064.0352, ""calories"": 5, ""heartrate"": 0, ""forceplot"": [12], ""strokestate"": ""Recovery"", ""status"": ""Offline"", ""userid"": ""00000"", ""type"": 1, ""state"": 1, ""inttype"": 255, ""intcount"": 0}"
34036646791,2025-10-04T12:35:54.203,"{""time"": 20.23, ""distance"": 82.2, ""spm"": 22, ""power"": 222, ""pace"": 116.38714722736499, ""calhr"": 1064.0352, ""calories"": 5, ""heartrate"": 0, ""forceplot"": [], ""strokestate"": ""Recovery"", ""status"": ""Offline"", ""userid"": ""00000"", ""type"": 1, ""state"": 1, ""inttype"": 255, ""intcount"": 0}"
34302633250,2025-10-04T12:35:54.469,"{""time"": 20.49, ""distance"": 83.4, ""spm"": 22, ""power"": 222, ""pace"": 116.38714722736499, ""calhr"": 1064.0352, ""calories"": 5, ""heartrate"": 0, ""forceplot"": [], ""strokestate"": ""Recovery"", ""status"": ""Offline"", ""userid"": ""00000"", ""type"": 1, ""state"": 1, ""inttype"": 255, ""intcount"": 0}"
34568709291,2025-10-04T12:35:54.735,"{""time"": 20.76, ""distance"": 84.5, ""spm"": 22, ""power"": 222, ""pace"": 116.38714722736499, ""calhr"": 1064.0352, ""calories"": 5, ""heartrate"": 0, ""forceplot"": [], ""strokestate"": ""Recovery"", ""status"": ""Offline"", ""userid"": ""00000"", ""type"": 1, ""state"": 1, ""inttype"": 255, ""intcount"": 0}"
34834638416,2025-10-04T12:35:55.001,"{""time"": 21.02, ""distance"": 85.6, ""spm"": 22, ""power"": 222, ""pace"": 116.38714722736499, ""calhr"": 1064.0352, ""calories"": 5, ""heartrate"": 0, ""forceplot"": [], ""strokestate"": ""Recovery"", ""status"": ""Offline"", ""userid"": ""00000"", ""type"": 1, ""state"": 1, ""inttype"": 255, ""intcount"": 0}"
35106617833,2025-10-04T12:35:55.273,"{""time"": 21.29, ""distance"": 86.6, ""spm"": 22, ""power"": 222, ""pace"": 116.38714722736499, ""calhr"": 1064.0352, ""calories"": 5, ""heartrate"": 0, ""forceplot"": [], ""strokestate"": ""Recovery"", ""status"": ""Offline"", ""userid"": ""00000"", ""type"": 1, ""state"": 1, ""inttype"": 255, ""intcount"": 0}"
35372715291,2025-10-04T12:35:55.539,"{""time"": 21.55, ""distance"": 87.6, ""spm"": 22, ""power"": 222, ""pace"": 116.38714722736499, ""calhr"": 1064.0352, ""calories"": 5, ""heartrate"": 0, ""forceplot"": [], ""strokestate"": ""Recovery"", ""status"": ""Offline"", ""userid"": ""00000"", ""type"": 1, ""state"": 1, ""inttype"": 255, ""intcount"": 0}"
35638607583,2025-10-04T12:35:55.805,"{""time"": 21.83, ""distance"": 88.7, ""spm"": 22, ""power"": 222, ""pace"": 116.38714722736499, ""calhr"": 1064.0352, ""calories"": 5, ""heartrate"": 0, ""forceplot"": [24, 24, 47, 72, 93, 93, 105, 106, 106, 109, 109, 112, 118], ""strokestate"": ""Drive"", ""status"": ""Offline"", ""userid"": ""00000"", ""type"": 1, ""state"": 1, ""inttype"": 255, ""intcount"": 0}"
35912638416,2025-10-04T12:35:56.079,"{""time"": 22.09, ""distance"": 89.8, ""spm"": 22, ""power"": 222, ""pace"": 116.38714722736499, ""calhr"": 1064.0352, ""calories"": 5, ""heartrate"": 0, ""forceplot"": [118, 126, 130, 129, 129, 138, 135, 149, 143, 150, 151, 152, 154, 150, 151, 147], ""strokestate"": ""Drive"", ""status"": ""Offline"", ""userid"": ""00000"", ""type"": 1, ""state"": 1, ""inttype"": 255, ""intcount"": 0}"
36186645000,2025-10-04T12:35:56.353,"{""time"": 22.37, ""distance"": 91.2, ""spm"": 22, ""power"": 221, ""pace"": 116.56242934043914, ""calhr"": 1060.5936000000002, ""calories"": 5, ""heartrate"": 0, ""forceplot"": [149, 149, 142, 142, 130, 127, 110, 110, 91, 96, 81, 69, 59, 41, 37, 20], ""strokestate"": ""Dwelling"", ""status"": ""Offline"", ""userid"": ""00000"", ""type"": 1, ""state"": 1, ""inttype"": 255, ""intcount"": 0}"
36458622958,2025-10-04T12:35:56.625,"{""time"": 22.66, ""distance"": 92.5, ""spm"": 22, ""power"": 221, ""pace"": 116.56242934043914, ""calhr"": 1060.5936000000002, ""calories"": 5, ""heartrate"": 0, ""forceplot"": [10], ""strokestate"": ""Recovery"", ""status"": ""Offline"", ""userid"": ""00000"", ""type"": 1, ""state"": 1, ""inttype"": 255, ""intcount"": 0}"
36724604083,2025-10-04T12:35:56.891,"{""time"": 22.92, ""distance"": 93.7, ""spm"": 22, ""power"": 221, ""pace"": 116.56242934043914, ""calhr"": 1060.5936000000002, ""calories"": 5, ""heartrate"": 0, ""forceplot"": [], ""strokestate"": ""Recovery"", ""status"": ""Offline"", ""userid"": ""00000"", ""type"": 1, ""state"": 1, ""inttype"": 255, ""intcount"": 0}"
36998630125,2025-10-04T12:35:57.165,"{""time"": 23.18, ""distance"": 94.9, ""spm"": 22, ""power"": 221, ""pace"": 116.56242934043914, ""calhr"": 1060.5936000000002, ""calories"": 5, ""heartrate"": 0, ""forceplot"": [], ""strokestate"": ""Recovery"", ""status"": ""Offline"", ""userid"": ""00000"", ""type"": 1, ""state"": 1, ""inttype"": 255, ""intcount"": 0}"
37272747041,2025-10-04T12:35:57.439,"{""time"": 23.45, ""distance"": 96.0, ""spm"": 22, ""power"": 221, ""pace"": 116.56242934043914, ""calhr"": 1060.5936000000002, ""calories"": 5, ""heartrate"": 0, ""forceplot"": [], ""strokestate"": ""Recovery"", ""status"": ""Offline"", ""userid"": ""00000"", ""type"": 1, ""state"": 1, ""inttype"": 255, ""intcount"": 0}"
37536624291,2025-10-04T12:35:57.703,"{""time"": 23.73, ""distance"": 97.1, ""spm"": 22, ""power"": 221, ""pace"": 116.56242934043914, ""calhr"": 1060.5936000000002, ""calories"": 5, ""heartrate"": 0, ""forceplot"": [], ""strokestate"": ""Recovery"", ""status"": ""Offline"", ""userid"": ""00000"", ""type"": 1, ""state"": 1, ""inttype"": 255, ""intcount"": 0}"
37810627166,2025-10-04T12:35:57.977,"{""time"": 24.0, ""distance"": 98.2, ""spm"": 22, ""power"": 221, ""pace"": 116.56242934043914, ""calhr"": 1060.5936000000002, ""calories"": 5, ""heartrate"": 0, ""forceplot"": [], ""strokestate"": ""Recovery"", ""status"": ""Offline"", ""userid"": ""00000"", ""type"": 1, ""state"": 1, ""inttype"": 255, ""intcount"": 0}"
38084623166,2025-10-04T12:35:58.251,"{""time"": 24.26, ""distance"": 99.2, ""spm"": 22, ""power"": 221, ""pace"": 116.56242934043914, ""calhr"": 1060.5936000000002, ""calories"": 5, ""heartrate"": 0, ""forceplot"": [], ""strokestate"": ""Recovery"", ""status"": ""Offline"", ""userid"": ""00000"", ""type"": 1, ""state"": 1, ""inttype"": 255, ""intcount"": 0}"
38356690250,2025-10-04T12:35:58.523,"{""time"": 24.54, ""distance"": 100.3, ""spm"": 22, ""power"": 221, ""pace"": 116.56242934043914, ""calhr"": 1060.5936000000002, ""calories"": 5, ""heartrate"": 0, ""forceplot"": [25, 25, 55, 82, 102, 102, 111, 113, 111, 108, 106, 106, 109, 114], ""strokestate"": ""Drive"", ""status"": ""Offline"", ""userid"": ""00000"", ""type"": 1, ""state"": 1, ""inttype"": 255, ""intcount"": 0}"
38622614375,2025-10-04T12:35:58.789,"{""time"": 24.82, ""distance"": 101.5, ""spm"": 22, ""power"": 221, ""pace"": 116.56242934043914, ""calhr"": 1060.5936000000002, ""calories"": 5, ""heartrate"": 0, ""forceplot"": [119, 129, 131, 138, 138, 134, 142, 145, 151, 154, 156, 156, 154, 152, 155, 150], ""strokestate"": ""Drive"", ""status"": ""Offline"", ""userid"": ""00000"", ""type"": 1, ""state"": 1, ""inttype"": 255, ""intcount"": 0}"
38888589875,2025-10-04T12:35:59.055,"{""time"": 25.09, ""distance"": 102.8, ""spm"": 22, ""power"": 219, ""pace"": 116.91618698537442, ""calhr"": 1053.7104, ""calories"": 6, ""heartrate"": 0, ""forceplot"": [150, 138, 137, 126, 125, 117, 113, 104, 95, 88, 70, 64, 45, 37, 18], ""strokestate"": ""Dwelling"", ""status"": ""Offline"", ""userid"": ""00000"", ""type"": 1, ""state"": 1, ""inttype"": 255, ""intcount"": 0}"
39162716291,2025-10-04T12:35:59.329,"{""time"": 25.35, ""distance"": 104.0, ""spm"": 22, ""power"": 219, ""pace"": 116.91618698537442, ""calhr"": 1053.7104, ""calories"": 6, ""heartrate"": 0, ""forceplot"": [8], ""strokestate"": ""Recovery"", ""status"": ""Offline"", ""userid"": ""00000"", ""type"": 1, ""state"": 1, ""inttype"": 255, ""intcount"": 0}"
39434627625,2025-10-04T12:35:59.601,"{""time"": 25.62, ""distance"": 105.3, ""spm"": 22, ""power"": 219, ""pace"": 116.91618698537442, ""calhr"": 1053.7104, ""calories"": 6, ""heartrate"": 0, ""forceplot"": [], ""strokestate"": ""Recovery"", ""status"": ""Offline"", ""userid"": ""00000"", ""type"": 1, ""state"": 1, ""inttype"": 255, ""intcount"": 0}"
39708629666,2025-10-04T12:35:59.875,"{""time"": 25.88, ""distance"": 106.5, ""spm"": 22, ""power"": 219, ""pace"": 116.91618698537442, ""calhr"": 1053.7104, ""calories"": 6, ""heartrate"": 0, ""forceplot"": [], ""strokestate"": ""Recovery"", ""status"": ""Offline"", ""userid"": ""00000"", ""type"": 1, ""state"": 1, ""inttype"": 255, ""intcount"": 0}"
39974714875,2025-10-04T12:36:00.141,"{""time"": 26.17, ""distance"": 107.7, ""spm"": 22, ""power"": 219, ""pace"": 116.91618698537442, ""calhr"": 1053.7104, ""calories"": 6, ""heartrate"": 0, ""forceplot"": [], ""strokestate"": ""Recovery"", ""status"": ""Offline"", ""userid"": ""00000"", ""type"": 1, ""state"": 1, ""inttype"": 255, ""intcount"": 0}"
40248632291,2025-10-04T12:36:00.415,"{""time"": 26.43, ""distance"": 108.7, ""spm"": 22, ""power"": 219, ""pace"": 116.91618698537442, ""calhr"": 1053.7104, ""calories"": 6, ""heartrate"": 0, ""forceplot"": [], ""strokestate"": ""Recovery"", ""status"": ""Offline"", ""userid"": ""00000"", ""type"": 1, ""state"": 1, ""inttype"": 255, ""intcount"": 0}"
40522641708,2025-10-04T12:36:00.689,"{""time"": 26.7, ""distance"": 109.8, ""spm"": 22, ""power"": 219, ""pace"": 116.91618698537442, ""calhr"": 1053.7104, ""calories"": 6, ""heartrate"": 0, ""forceplot"": [], ""strokestate"": ""Recovery"", ""status"": ""Offline"", ""userid"": ""00000"", ""type"": 1, ""state"": 1, ""inttype"": 255, ""intcount"": 0}"
40794649041,2025-10-04T12:36:00.961,"{""time"": 26.98, ""distance"": 110.8, ""spm"": 22, ""power"": 219, ""pace"": 116.91618698537442, ""calhr"": 1053.7104, ""calories"": 6, ""heartrate"": 0, ""forceplot"": [], ""strokestate"": ""Recovery"", ""status"": ""Offline"", ""userid"": ""00000"", ""type"": 1, ""state"": 1, ""inttype"": 255, ""intcount"": 0}"
41068708375,2025-10-04T12:36:01.235,"{""time"": 27.25, ""distance"": 111.8, ""spm"": 22, ""power"": 219, ""pace"": 116.91618698537442, ""calhr"": 1053.7104, ""calories"": 6, ""heartrate"": 0, ""forceplot"": [], ""strokestate"": ""Recovery"", ""status"": ""Offline"", ""userid"": ""00000"", ""type"": 1, ""state"": 1, ""inttype"": 255, ""intcount"": 0}"
41334615833,2025-10-04T12:36:01.501,"{""time"": 27.51, ""distance"": 112.7, ""spm"": 22, ""power"": 219, ""pace"": 116.91618698537442, ""calhr"": 1053.7104, ""calories"": 6, ""heartrate"": 0, ""forceplot"": [], ""strokestate"": ""Recovery"", ""status"": ""Offline"", ""userid"": ""00000"", ""type"": 1, ""state"": 1, ""inttype"": 255, ""intcount"": 0}"
41598564708,2025-10-04T12:36:01.765,"{""time"": 27.8, ""distance"": 113.7, ""spm"": 22, ""power"": 219, ""pace"": 116.91618698537442, ""calhr"": 1053.7104, ""calories"": 6, ""heartrate"": 0, ""forceplot"": [], ""strokestate"": ""Recovery"", ""status"": ""Offline"", ""userid"": ""00000"", ""type"": 1, ""state"": 1, ""inttype"": 255, ""intcount"": 0}"
41872707166,2025-10-04T12:36:02.039,"{""time"": 28.05, ""distance"": 114.5, ""spm"": 22, ""power"": 219, ""pace"": 116.91618698537442, ""calhr"": 1053.7104, ""calories"": 6, ""heartrate"": 0, ""forceplot"": [], ""strokestate"": ""Recovery"", ""status"": ""Offline"", ""userid"": ""00000"", ""type"": 1, ""state"": 1, ""inttype"": 255, ""intcount"": 0}"
42138606375,2025-10-04T12:36:02.305,"{""time"": 28.33, ""distance"": 115.5, ""spm"": 22, ""power"": 219, ""pace"": 116.91618698537442, ""calhr"": 1053.7104, ""calories"": 6, ""heartrate"": 0, ""forceplot"": [], ""strokestate"": ""Recovery"", ""status"": ""Offline"", ""userid"": ""00000"", ""type"": 1, ""state"": 1, ""inttype"": 255, ""intcount"": 0}"
42404611791,2025-10-04T12:36:02.571,"{""time"": 28.58, ""distance"": 116.2, ""spm"": 22, ""power"": 219, ""pace"": 116.91618698537442, ""calhr"": 1053.7104, ""calories"": 6, ""heartrate"": 0, ""forceplot"": [], ""strokestate"": ""Recovery"", ""status"": ""Offline"", ""userid"": ""00000"", ""type"": 1, ""state"": 1, ""inttype"": 255, ""intcount"": 0}"
42678729708,2025-10-04T12:36:02.845,"{""time"": 28.85, ""distance"": 117.0, ""spm"": 22, ""power"": 219, ""pace"": 116.91618698537442, ""calhr"": 1053.7104, ""calories"": 6, ""heartrate"": 0, ""forceplot"": [], ""strokestate"": ""Recovery"", ""status"": ""Offline"", ""userid"": ""00000"", ""type"": 1, ""state"": 1, ""inttype"": 255, ""intcount"": 0}"
42950629583,2025-10-04T12:36:03.117,"{""time"": 29.11, ""distance"": 117.8, ""spm"": 22, ""power"": 219, ""pace"": 116.91618698537442, ""calhr"": 1053.7104, ""calories"": 6, ""heartrate"": 0, ""forceplot"": [], ""strokestate"": ""Recovery"", ""status"": ""Offline"", ""userid"": ""00000"", ""type"": 1, ""state"": 1, ""inttype"": 255, ""intcount"": 0}"
43224629750,2025-10-04T12:36:03.391,"{""time"": 29.4, ""distance"": 118.6, ""spm"": 22, ""power"": 219, ""pace"": 116.91618698537442, ""calhr"": 1053.7104, ""calories"": 6, ""heartrate"": 0, ""forceplot"": [], ""strokestate"": ""Recovery"", ""status"": ""Offline"", ""userid"": ""00000"", ""type"": 1, ""state"": 1, ""inttype"": 255, ""intcount"": 0}"
43490584875,2025-10-04T12:36:03.657,"{""time"": 29.65, ""distance"": 119.3, ""spm"": 22, ""power"": 219, ""pace"": 116.91618698537442, ""calhr"": 1053.7104, ""calories"": 6, ""heartrate"": 0, ""forceplot"": [], ""strokestate"": ""Recovery"", ""status"": ""Offline"", ""userid"": ""00000"", ""type"": 1, ""state"": 1, ""inttype"": 255, ""intcount"": 0}"
43762709375,2025-10-04T12:36:03.929,"{""time"": 29.93, ""distance"": 120.1, ""spm"": 22, ""power"": 219, ""pace"": 116.91618698537442, ""calhr"": 1053.7104, ""calories"": 6, ""heartrate"": 0, ""forceplot"": [], ""strokestate"": ""Recovery"", ""status"": ""Offline"", ""userid"": ""00000"", ""type"": 1, ""state"": 1, ""inttype"": 255, ""intcount"": 0}"
44028624541,2025-10-04T12:36:04.195,"{""time"": 30.19, ""distance"": 120.7, ""spm"": 22, ""power"": 219, ""pace"": 116.91618698537442, ""calhr"": 1053.7104, ""calories"": 6, ""heartrate"": 0, ""forceplot"": [], ""strokestate"": ""Recovery"", ""status"": ""Offline"", ""userid"": ""00000"", ""type"": 1, ""state"": 1, ""inttype"": 255, ""intcount"": 0}"
44294631833,2025-10-04T12:36:04.461,"{""time"": 30.45, ""distance"": 121.4, ""spm"": 22, ""power"": 219, ""pace"": 116.91618698537442, ""calhr"": 1053.7104, ""calories"": 6, ""heartrate"": 0, ""forceplot"": [], ""strokestate"": ""Recovery"", ""status"": ""Offline"", ""userid"": ""00000"", ""type"": 1, ""state"": 1, ""inttype"": 255, ""intcount"": 0}"
44560703250,2025-10-04T12:36:04.727,"{""time"": 30.72, ""distance"": 122.1, ""spm"": 22, ""power"": 219, ""pace"": 116.91618698537442, ""calhr"": 1053.7104, ""calories"": 6, ""heartrate"": 0, ""forceplot"": [], ""strokestate"": ""Recovery"", ""status"": ""Offline"", ""userid"": ""00000"", ""type"": 1, ""state"": 1, ""inttype"": 255, ""intcount"": 0}"
44834606208,2025-10-04T12:36:05.001,"{""time"": 31.0, ""distance"": 122.8, ""spm"": 22, ""power"": 219, ""pace"": 116.91618698537442, ""calhr"": 1053.7104, ""calories"": 6, ""heartrate"": 0, ""forceplot"": [], ""strokestate"": ""Recovery"", ""status"": ""Offline"", ""userid"": ""00000"", ""type"": 1, ""state"": 1, ""inttype"": 255, ""intcount"": 0}"
45106612500,2025-10-04T12:36:05.273,"{""time"": 31.06, ""distance"": 122.9, ""spm"": 22, ""power"": 219, ""pace"": 116.91618698537442, ""calhr"": 1053.7104, ""calories"": 7, ""heartrate"": 0, ""forceplot"": [], ""strokestate"": ""Wait for acceleration"", ""status"": ""Offline"", ""userid"": ""00000"", ""type"": 1, ""state"": 1, ""inttype"": 255, ""intcount"": 0}"
45372644458,2025-10-04T12:36:05.539,"{""time"": 31.06, ""distance"": 122.9, ""spm"": 22, ""power"": 219, ""pace"": 116.91618698537442, ""calhr"": 1053.7104, ""calories"": 7, ""heartrate"": 0, ""forceplot"": [], ""strokestate"": ""Wait for acceleration"", ""status"": ""Offline"", ""userid"": ""00000"", ""type"": 1, ""state"": 1, ""inttype"": 255, ""intcount"": 0}"
45646643041,2025-10-04T12:36:05.813,"{""time"": 31.06, ""distance"": 122.9, ""spm"": 22, ""power"": 219, ""pace"": 116.91618698537442, ""calhr"": 1053.7104, ""calories"": 7, ""heartrate"": 0, ""forceplot"": [], ""strokestate"": ""Wait for acceleration"", ""status"": ""Offline"", ""userid"": ""00000"", ""type"": 1, ""state"": 1, ""inttype"": 255, ""intcount"": 0}"
45912622416,2025-10-04T12:36:06.079,"{""time"": 31.06, ""distance"": 122.9, ""spm"": 22, ""power"": 219, ""pace"": 116.91618698537442, ""calhr"": 1053.7104, ""calories"": 7, ""heartrate"": 0, ""forceplot"": [], ""strokestate"": ""Wait for acceleration"", ""status"": ""Offline"", ""userid"": ""00000"", ""type"": 1, ""state"": 1, ""inttype"": 255, ""intcount"": 0}"
46184717625,2025-10-04T12:36:06.351,"{""time"": 31.06, ""distance"": 122.9, ""spm"": 22, ""power"": 219, ""pace"": 116.91618698537442, ""calhr"": 1053.7104, ""calories"": 7, ""heartrate"": 0, ""forceplot"": [], ""strokestate"": ""Wait for acceleration"", ""status"": ""Offline"", ""userid"": ""00000"", ""type"": 1, ""state"": 1, ""inttype"": 255, ""intcount"": 0}"
46458637500,2025-10-04T12:36:06.625,"{""time"": 31.06, ""distance"": 122.9, ""spm"": 22, ""power"": 219, ""pace"": 116.91618698537442, ""calhr"": 1053.7104, ""calories"": 7, ""heartrate"": 0, ""forceplot"": [], ""strokestate"": ""Wait for acceleration"", ""status"": ""Offline"", ""userid"": ""00000"", ""type"": 1, ""state"": 1, ""inttype"": 255, ""intcount"": 0}"
46740693708,2025-10-04T12:36:06.907,"{""time"": 31.06, ""distance"": 122.9, ""spm"": 22, ""power"": 219, ""pace"": 116.91618698537442, ""calhr"": 1053.7104, ""calories"": 7, ""heartrate"": 0, ""forceplot"": [], ""strokestate"": ""Wait for acceleration"", ""status"": ""Offline"", ""userid"": ""00000"", ""type"": 1, ""state"": 1, ""inttype"": 255, ""intcount"": 0}"
47004609791,2025-10-04T12:36:07.171,"{""time"": 31.06, ""distance"": 122.9, ""spm"": 22, ""power"": 219, ""pace"": 116.91618698537442, ""calhr"": 1053.7104, ""calories"": 7, ""heartrate"": 0, ""forceplot"": [], ""strokestate"": ""Wait for acceleration"", ""status"": ""Offline"", ""userid"": ""00000"", ""type"": 1, ""state"": 1, ""inttype"": 255, ""intcount"": 0}"
47262635958,2025-10-04T12:36:07.429,"{""time"": 31.06, ""distance"": 122.9, ""spm"": 22, ""power"": 219, ""pace"": 116.91618698537442, ""calhr"": 1053.7104, ""calories"": 7, ""heartrate"": 0, ""forceplot"": [], ""strokestate"": ""Wait for acceleration"", ""status"": ""Offline"", ""userid"": ""00000"", ""type"": 1, ""state"": 1, ""inttype"": 255, ""intcount"": 0}"
47536622958,2025-10-04T12:36:07.703,"{""time"": 31.06, ""distance"": 122.9, ""spm"": 22, ""power"": 219, ""pace"": 116.91618698537442, ""calhr"": 1053.7104, ""calories"": 7, ""heartrate"": 0, ""forceplot"": [], ""strokestate"": ""Wait for acceleration"", ""status"": ""Offline"", ""userid"": ""00000"", ""type"": 1, ""state"": 1, ""inttype"": 255, ""intcount"": 0}"
47810651708,2025-10-04T12:36:07.977,"{""time"": 31.06, ""distance"": 122.9, ""spm"": 22, ""power"": 219, ""pace"": 116.91618698537442, ""calhr"": 1053.7104, ""calories"": 7, ""heartrate"": 0, ""forceplot"": [], ""strokestate"": ""Wait for acceleration"", ""status"": ""Offline"", ""userid"": ""00000"", ""type"": 1, ""state"": 1, ""inttype"": 255, ""intcount"": 0}"
48076626083,2025-10-04T12:36:08.243,"{""time"": 31.06, ""distance"": 122.9, ""spm"": 22, ""power"": 219, ""pace"": 116.91618698537442, ""calhr"": 1053.7104, ""calories"": 7, ""heartrate"": 0, ""forceplot"": [], ""strokestate"": ""Wait for acceleration"", ""status"": ""Offline"", ""userid"": ""00000"", ""type"": 1, ""state"": 1, ""inttype"": 255, ""intcount"": 0}"
48348723208,2025-10-04T12:36:08.515,"{""time"": 31.06, ""distance"": 122.9, ""spm"": 22, ""power"": 219, ""pace"": 116.91618698537442, ""calhr"": 1053.7104, ""calories"": 7, ""heartrate"": 0, ""forceplot"": [], ""strokestate"": ""Wait for acceleration"", ""status"": ""Offline"", ""userid"": ""00000"", ""type"": 1, ""state"": 1, ""inttype"": 255, ""intcount"": 0}"
48614626541,2025-10-04T12:36:08.781,"{""time"": 31.06, ""distance"": 122.9, ""spm"": 22, ""power"": 219, ""pace"": 116.91618698537442, ""calhr"": 1053.7104, ""calories"": 7, ""heartrate"": 0, ""forceplot"": [], ""strokestate"": ""Wait for acceleration"", ""status"": ""Offline"", ""userid"": ""00000"", ""type"": 1, ""state"": 1, ""inttype"": 255, ""intcount"": 0}"
